Open,Close,High,Low,Volume,Date
0,3631,3631,3630,,02/14/22
0,3672.65,3672.85,3672,,02/11/22
0,3737.5,3738.25,3737.25,,02/10/22
0,3633.35,3633.5,3633,,02/09/22
0,3593.5,3653.25,3593.5,,02/08/22
0,3622.65,3623,3622.35,,02/07/22
0,3634,3635,3633.85,,02/04/22
0,3617.65,3618,3617.35,,02/03/22
0,3649,3650,3648,,02/02/22
0,3634.85,3635,3634.5,,02/01/22
0,3674.5,3675,3674.25,,01/31/22
0,3644,3644,3642,,01/28/22
0,3648.5,3648.85,3648,,01/27/22
0,3644.65,3645,3644,,01/26/22
0,3615,3615,3614.25,,01/25/22
0,3641,3641.15,3640,,01/24/22
0,3685.25,3686,3684.85,,01/21/22
0,3673.65,3674,3673.35,,01/20/22
0,3601.6,3602,3600,,01/19/22
0,3543,3543.15,3542.75,,01/18/22
0,3534,3534.15,3530,,01/17/22
0,3559,3559.15,3558.85,,01/14/22
0,3574,3574.15,3573.85,,01/13/22
0,3576.1,3576.5,3575,,01/10/22
0,3560.3,3602.35,3560.3,,01/07/22
0,3589.65,3589.85,3589,,01/06/22
0,3623.75,3660,3623.75,,01/05/22
0,3600.85,3630.7,3600.5,,01/04/22
0,3629.55,3630,3620,,12/31/21
0,3600.5,3600.85,3585,,12/30/21
0,3549.65,3549.85,3549.35,,12/29/21
0,3579.85,3580.85,3579.85,,12/24/21
0,3568.75,3569,3568.6,,12/23/21
0,3571.25,3571.25,3543.85,,12/22/21
0,3444.75,3445,3444.6,,12/21/21
0,3400.25,3431,3400,,12/20/21
0,3430,3430,3428.85,,12/17/21
0,3394.35,3395,3394.35,,12/16/21
0,3269.25,3269.25,3268,,12/15/21
0,3341.15,3342,3340.85,,12/14/21
0,3363.85,3365.15,3363.25,,12/13/21
0,3331.5,3332,3330,,12/10/21
0,3349.85,3351.15,3349.85,,12/09/21
0,3333.5,3335,3333.25,,12/08/21
0,3287.2,3287.35,3284.85,,12/07/21
0,3224.25,3224.5,3224,,12/06/21
0,3323.75,3324,3309.5,,12/03/21
0,3293.75,3295,3293.6,,12/02/21
0,3295.65,3295.85,3285,,12/01/21
0,3288.5,3348.65,3288.5,,11/30/21
0,3324,3325.15,3323.85,,11/29/21
0,3330.65,3331.15,3330,,11/26/21
0,3431.15,3432.15,3430.85,,11/25/21
0,3429.1,3429.65,3429,,11/24/21
0,3374.85,3422.15,3374.85,,11/23/21
0,3276,3277.15,3275,,11/22/21
0,3215,3215.15,3214,,11/19/21
0,3201.15,3202.15,3200,,11/18/21
0,3214.9,3250.15,3214.9,,11/17/21
0,3212,3214,3211.8,,11/16/21
0,3265.7,3266.15,3265,,11/15/21
0,3269.15,3270.15,3268.85,,11/12/21
0,3314.75,3315.15,3314.5,,11/11/21
0,3305,3305.15,3303.85,,11/10/21
0,3337.75,3339,3335,,11/09/21
0,3274.15,3274.65,3273.85,,11/08/21
0,3229.65,3229.65,3228,,11/05/21
0,3341.5,3342.15,3340,,11/04/21
0,3371,3373,3369.15,,11/03/21
0,3394.4,3394.65,3390,,11/02/21
0,3429,3430.15,3428.85,,11/01/21
0,3455.35,3455.65,3420,,10/29/21
0,3414.9,3415.15,3414.6,,10/28/21
0,3385.15,3385.65,3384.85,,10/27/21
0,3454.85,3456.15,3454,,10/26/21
0,3510.4,3510.65,3509.85,,10/25/21
0,3494.25,3495.15,3493.8,,10/22/21
0,3583.85,3585.15,3583.75,,10/21/21
0,3583.25,3584.15,3583.25,,10/20/21
0,3706.5,3710,3705,,10/19/21
0,3728.75,3815.15,3728.75,,10/18/21
0,3795,3795.15,3552,,10/15/21
0,3551.25,3552.15,3410.4,,10/14/21
0,3409,3410.15,3248.6,,10/13/21
0,3247.65,3249.15,3198.5,,10/12/21
0,3197.75,3198.15,3098.55,,10/11/21
0,3135,3135,3077.25,,10/08/21
0,3025,3025.15,3017.2,,10/07/21
0,3015,3015.15,3011.5,,10/06/21
0,3011.25,3011.65,2999,,10/05/21
0,3012,3013.15,2999,,10/04/21
0,2999,3015,2998.5,,10/01/21
0,3015,3015.15,3014.5,,09/30/21
0,3047.25,3048,3047.25,,09/29/21
0,3070.55,3071.15,3070.5,,09/28/21
0,3092.15,3093.15,3091.85,,09/27/21
0,3109.75,3110.15,3109.6,,09/24/21
0,3043.15,3044.15,3043,,09/23/21
0,3018.85,3019,3018,,09/22/21
0,3002.9,3003.5,3002.75,,09/21/21
0,3017.65,3018.15,3017.35,,09/20/21
0,3109.5,3110.15,3109.25,,09/17/21
0,3064.15,3064.15,3037,,09/16/21
0,3051.15,3052.15,3050.75,,09/15/21
0,3034.85,3034.85,3009.85,,09/14/21
0,3072.35,3075,3071.75,,09/13/21
0,3089,3089.15,3087.75,,09/10/21
0,3072,3073,3071.5,,09/09/21
0,3052.15,3052.15,3051.25,,09/08/21
0,3019,3020.15,3017,,09/07/21
0,3008.15,3008.2,3007.5,,09/06/21
0,2984.35,2984.65,2982.83,,09/03/21
0,2987.5,2987.65,2987.25,,09/02/21
0,2977.65,2977.65,2977.35,,09/01/21
0,2997.5,2997.7,2997.35,,08/31/21
0,2983.35,2983.65,2983.3,,08/27/21
0,2992.1,2992.1,2989.85,,08/26/21
0,3031.75,3032.2,3031.75,,08/25/21
0,2965,2965.2,2964.75,,08/24/21
0,2942,2942.2,2941.8,,08/23/21
0,2948.65,2948.65,2948.35,,08/20/21
0,2939.65,2939.65,2939.35,,08/19/21
0,2998,2998.2,2997.75,,08/18/21
0,3002.5,3002.7,3002.3,,08/17/21
0,3024.1,3024.1,3011.75,,08/16/21
0,3007,3007.2,3006.75,,08/13/21
0,3016.5,3016.7,3016.25,,08/12/21
0,3018.5,3018.7,3018.25,,08/11/21
0,2978.5,2978.7,2978.25,,08/10/21
0,2957,2957.2,2955.9,,08/09/21
0,3006,3008.25,3005.8,,08/06/21
0,2984.5,2984.7,2984.3,,08/05/21
0,2964.6,2975.2,2954,,08/04/21
0,2970.5,2970.7,2970.3,,08/03/21
0,3043,3043.25,3042.8,,08/02/21
0,3039.2,3039.2,3038.75,,07/30/21
0,2984.5,2984.7,2984.3,,07/29/21
0,2951.35,2951.75,2951.25,,07/28/21
0,2969.05,2969.05,2947.75,,07/27/21
0,2946,2946.2,2945.75,,07/26/21
0,2944,2944.2,2943.75,,07/23/21
0,2920.25,2920.7,2920.25,,07/22/21
0,2922.5,2922.7,2922.35,,07/21/21
0,2942.6,2942.6,2935.25,,07/20/21
0,2937.2,2937.2,2936.75,,07/19/21
0,2966.15,2966.2,2965.75,,07/16/21
0,2932.5,2932.7,2932.3,,07/15/21
0,2927.35,2927.7,2927.25,,07/14/21
0,2919.5,2919.7,2919.3,,07/13/21
0,2919.65,2919.65,2919.3,,07/12/21
0,2955,2955.2,2954.85,,07/09/21
0,2912,2912.2,2911.8,,07/08/21
0,2944,2944.2,2943.75,,07/07/21
0,2949.5,2949.7,2949.35,,07/06/21
0,2938,2938.25,2937.85,,07/05/21
0,2917,2917.15,2916.8,,07/02/21
0,2921.75,2936.75,2921.75,,07/01/21
0,2945.5,2945.75,2945.3,,06/30/21
0,2923.85,2924.25,2923.8,,06/29/21
0,2883,2883.2,2882.8,,06/28/21
0,2876.35,2876.65,2876.3,,06/25/21
0,2896,2896.2,2895.8,,06/24/21
0,2838,2869.15,2838,,06/23/21
0,2841,2841.25,2840.75,,06/22/21
0,2832,2832.25,2831.75,,06/21/21
0,2873,2873.25,2872.8,,06/18/21
0,2962.25,2969.8,2961.75,,06/17/21
0,3012.85,3012.85,2972.3,,06/16/21
0,2986.3,2986.65,2986.3,,06/15/21
0,3027.95,3043.25,3011.65,,06/14/21
0,3010.85,3011.25,3010.8,,06/11/21
0,2965.35,2965.75,2965.3,,06/10/21
0,2996.5,2996.75,2996.3,,06/09/21
0,2998.85,2999.15,2998.8,,06/08/21
0,2963.5,2963.7,2963.3,,06/07/21
0,2980,2980.25,2979.8,,06/04/21
0,2977.5,2977.7,2977.3,,06/03/21
0,3061.35,3061.75,3061.35,,06/02/21
0,3043,3043.15,3042.8,,06/01/21
0,3039.5,3039.7,3039.3,,05/28/21
0,2994.5,2994.7,2994.3,,05/27/21
0,2983.5,2983.7,2983.3,,05/26/21
0,2945,2945.2,2944.85,,05/25/21
0,2931,2931.25,2930.8,,05/24/21
0,2980.8,2981.15,2980.8,,05/21/21
0,2945.5,2945.7,2945.35,,05/20/21
0,2969.15,2969.2,2968.8,,05/19/21
0,3063.35,3063.65,3063.3,,05/18/21
0,2954.15,2954.2,2953.85,,05/17/21
0,2924,2924.15,2923.8,,05/14/21
0,2891,2891.2,2890.8,,05/13/21
0,2984.5,2984.7,2984.3,,05/12/21
0,3000.2,3000.2,3000.2,,05/11/21
0,3052.5,3052.5,3037.3,,05/10/21
0,2920,2956.2,2920,,05/07/21
0,2920,2920.2,2919.8,,05/06/21
0,2935.35,2935.65,2935.35,,05/05/21
0,2959.5,2959.65,2959.3,,05/04/21
0,2896.7,2896.7,2892.95,,04/30/21
0,2928,2928.2,2927.8,,04/29/21
0,2909.15,2909.2,2908.85,,04/28/21
0,2889,2889.2,2888.85,,04/27/21
0,2900.35,2900.35,2862.25,,04/26/21
0,2795.46,2795.46,2795.46,,04/23/21
0,2805,2805.2,2786.75,,04/22/21
0,2795.65,2795.65,2793.25,,04/21/21
0,2793.65,2825.2,2793.35,,04/20/21
0,2842,2853.5,2841.75,,04/19/21
0,2842.95,2842.95,2842.95,,04/16/21
0,2809.5,2809.75,2809.35,,04/15/21
0,2789.5,2789.7,2789.3,,04/14/21
0,2754.5,2754.7,2754.35,,04/13/21
0,2734.25,2759.2,2734.25,,04/12/21
0,2807,2807.2,2806.85,,04/09/21
0,2827.3,2827.7,2827.3,,04/08/21
0,2813.35,2813.7,2813.25,,04/06/21
0,2757,2765.7,2757,,04/01/21
0,2795,2795.2,2794.85,,03/31/21
0,2822,2822.2,2821.8,,03/30/21
0,2811.15,2811.15,2810.75,,03/29/21
0,2808,2808.15,2807.8,,03/26/21
0,2759,2759.2,2758.75,,03/25/21
0,2813.5,2813.7,2813.25,,03/24/21
0,2840.75,2841.2,2840.75,,03/23/21
0,2860.5,2860.7,2860.35,,03/22/21
0,2787.65,2787.7,2787.3,,03/19/21
0,2801.35,2801.65,2801.3,,03/18/21
0,2807.15,2807.15,2806.8,,03/17/21
0,2790.35,2802.7,2790.35,,03/16/21
0,2838.6,2838.9,2814.8,,03/15/21
0,2797.5,2797.65,2797.3,,03/12/21
0,2784,2784.15,2783.8,,03/11/21
0,2749.85,2750.2,2749.75,,03/10/21
0,2735,2735.15,2734.8,,03/09/21
0,2742.5,2742.65,2742.3,,03/08/21
0,2746.5,2746.7,2746.3,,03/05/21
0,2734.5,2734.7,2734.3,,03/04/21
0,2785.85,2786.2,2783.54,,03/03/21
0,2820,2820.2,2819.75,,03/02/21
0,2788.5,2788.7,2788.35,,03/01/21
0,2820.85,2836.7,2820.8,,02/26/21
0,2894.5,2894.75,2894.25,,02/25/21
0,2822.65,2882.25,2822.25,,02/24/21
0,2859.75,2859.75,2859.25,,02/23/21
0,2889.5,2889.75,2889.3,,02/22/21
0,2864,2864.15,2863.75,,02/19/21
0,2837,2837.2,2836.8,,02/18/21
0,2809.85,2810.25,2809.75,,02/17/21
0,2813.5,2819.2,2813.5,,02/16/21
0,2813.5,2813.75,2813.25,,02/15/21
0,2793.5,2793.75,2793.25,,02/12/21
0,2726.15,2726.15,2725.75,,02/11/21
0,2702.15,2702.25,2701.75,,02/10/21
0,2662.35,2662.7,2662.25,,02/09/21
0,2640.65,2640.65,2640.25,,02/08/21
0,2636.5,2636.65,2636.3,,02/05/21
0,2600,2600.2,2599.75,,02/04/21
0,2585.15,2585.15,2584.8,,02/03/21
0,2539,2539.15,2538.8,,02/02/21
0,2548.3,2548.7,2548.25,,02/01/21
0,2564.75,2565.2,2564.75,,01/29/21
0,2546,2546.25,2545.8,,01/28/21
0,2585,2585.2,2584.8,,01/27/21
0,2651,2651.25,2650.8,,01/26/21
0,2682.8,2690.75,2682.8,,01/25/21
0,2651,2651.2,2650.85,,01/22/21
0,2707.5,2707.7,2707.35,,01/21/21
0,2684.5,2684.7,2684.35,,01/20/21
0,2652,2652.2,2651.85,,01/19/21
0,2664.5,2664.75,2664.25,,01/18/21
0,2698.5,2698.75,2698.35,,01/15/21
0,2716,2716.2,2715.85,,01/14/21
0,2751.7,2751.75,2751.3,,01/13/21
0,2761.5,2761.5,2761.5,,01/12/21
0,2764.5,2764.7,2764.3,,01/11/21
0,2824.5,2824.75,2824.3,,01/08/21
0,2838,2838.2,2837.85,,01/07/21
0,2833,2833.25,2832.75,,01/06/21
0,2785,2785.2,2775,,01/05/21
0,2775,2775.25,2774.85,,01/04/21
0,2729.18,2729.18,2723.3,,12/31/20
0,2749,2749.2,2748.8,,12/30/20
0,2749.5,2749.75,2749.3,,12/29/20
0,2817,2817.25,2816.8,,12/24/20
0,2775.15,2775.25,2774.75,,12/23/20
0,2742.1,2789.25,2742.1,,12/22/20
0,2807.35,2808.2,2807.35,,12/21/20
0,2851.6,2851.6,2834.8,,12/18/20
0,2841.5,2841.75,2841.3,,12/17/20
0,2818.25,2818.25,2817.8,,12/16/20
0,2817,2817.15,2816.8,,12/15/20
0,2801.75,2801.75,2794.75,,12/14/20
0,2805.7,2805.7,2805.3,,12/11/20
0,2810,2810.2,2809.8,,12/10/20
0,2816,2816.15,2815.8,,12/09/20
0,2762.5,2762.75,2762.3,,12/08/20
0,2729.15,2729.15,2728.8,,12/07/20
0,2748.65,2748.75,2748.3,,12/04/20
0,2747,2747.15,2725.3,,12/03/20
0,2724.85,2725.15,2724.8,,12/02/20
0,2768.5,2768.7,2768.25,,12/01/20
0,2809.65,2809.75,2809.3,,11/30/20
0,2760.15,2760.25,2759.85,,11/27/20
0,2754.25,2754.7,2754.25,,11/26/20
0,2729.5,2729.5,2727.35,,11/25/20
0,2744.85,2745.25,2744.8,,11/24/20
0,2756.15,2756.25,2755.85,,11/23/20
0,2787,2787.25,2780.75,,11/20/20
0,2721.15,2721.2,2720.85,,11/19/20
0,2742.15,2742.15,2732.25,,11/18/20
0,2663.75,2663.75,2663.3,,11/17/20
0,2653,2653.2,2652.75,,11/16/20
0,2612.5,2612.75,2612.3,,11/13/20
0,2593,2593.2,2592.8,,11/12/20
0,2630.5,2630.7,2630.3,,11/11/20
0,2664.5,2664.7,2664.35,,11/09/20
0,2614.65,2614.7,2614.25,,11/06/20
0,2593.65,2593.7,2593.3,,11/05/20
0,2547.5,2547.7,2547.35,,11/04/20
0,2554.35,2554.75,2554.3,,11/03/20
0,2526,2526.2,2525.85,,11/02/20
0,2524.25,2524.75,2524.25,,10/30/20
0,2523.1,2523.1,2502.75,,10/29/20
0,2522.65,2522.65,2522.25,,10/28/20
0,2538.65,2538.65,2538.25,,10/27/20
0,2528.35,2528.35,2512.25,,10/26/20
0,2565.5,2565.75,2565.3,,10/23/20
0,2540,2540.25,2539.8,,10/22/20
0,2547,2547.25,2546.8,,10/21/20
0,2484.85,2485.25,2484.5,,10/20/20
0,2473.95,2479.2,2465.75,,10/19/20
0,2417,2417.2,2416.75,,10/16/20
0,2397,2397.2,2396.75,,10/15/20
0,2398.15,2398.15,2397.8,,10/14/20
0,2428.15,2428.15,2427.75,,10/13/20
0,2423.35,2438.75,2423.35,,10/12/20
0,2415.5,2415.65,2415.25,,10/09/20
0,2356,2356.2,2355.8,,10/08/20
0,2357.5,2357.65,2357.25,,10/07/20
0,2331,2331.2,2330.75,,10/06/20
0,2298,2298.2,2297.75,,10/05/20
0,2301.8,2302.2,2301.8,,10/02/20
0,2365,2365.2,2364.8,,10/01/20
0,2413.15,2413.2,2412.8,,09/30/20
0,2418,2418.15,2417.8,,09/29/20
0,2394.15,2394.2,2393.8,,09/28/20
0,2365.2,2365.2,2364.75,,09/25/20
0,2379.35,2379.7,2379.3,,09/24/20
0,2422,2422.2,2421.75,,09/23/20
0,2472,2472.15,2471.8,,09/22/20
0,2482.3,2482.7,2482.3,,09/21/20
0,2511.8,2512.15,2511.8,,09/18/20
0,2466.5,2466.7,2466.3,,09/17/20
0,2505,2505.2,2504.8,,09/16/20
0,2454.5,2503.7,2454.5,,09/15/20
0,2454.5,2454.7,2454.3,,09/14/20
0,2428.5,2428.7,2428.3,,09/11/20
0,2383,2383.2,2382.8,,09/10/20
0,2386.5,2386.7,2386.3,,09/09/20
0,2425.3,2425.7,2425.3,,09/08/20
0,2456.15,2456.15,2455.8,,09/07/20
0,2463.5,2463.7,2463.3,,09/04/20
0,2487.5,2487.7,2487.3,,09/03/20
0,2539,2539.2,2538.8,,09/02/20
0,2554,2554.2,2553.8,,09/01/20
0,2529.5,2529.7,2529.3,,08/28/20
0,2459.85,2459.85,2454.8,,08/27/20
0,2454.15,2454.15,2453.75,,08/26/20
0,2430,2430,2430,,08/25/20
0,2430,2430.15,2429.8,,08/24/20
0,2450,2450.2,2449.8,,08/21/20
0,2468.5,2468.5,2468.5,,08/20/20
0,2468.5,2468.7,2468.3,,08/19/20
0,2448.5,2448.65,2448.3,,08/18/20
0,2403,2403.2,2402.8,,08/17/20
0,2359.85,2360.2,2359.8,,08/14/20
0,2362.35,2362.7,2362.3,,08/13/20
0,2377,2377.15,2376.8,,08/12/20
0,2370.8,2371.2,2370.8,,08/11/20
0,2368.5,2368.7,2368.3,,08/10/20
0,2393,2393.25,2392.8,,08/07/20
0,2377.65,2377.7,2377.3,,08/06/20
0,2370.15,2370.25,2369.8,,08/05/20
0,2304,2304.15,2303.8,,08/04/20
0,2300.5,2300.5,2285.8,,08/03/20
0,2307.85,2307.85,2298.8,,07/31/20
0,2275,2275.15,2274.8,,07/30/20
0,2286,2286.15,2285.8,,07/29/20
0,2206,2206.25,2205.8,,07/28/20
0,2210.5,2210.65,2210.3,,07/27/20
0,2193.5,2193.7,2193.25,,07/24/20
0,2207.15,2207.2,2206.75,,07/23/20
0,2201.85,2202.15,2201.8,,07/22/20
0,2235.6,2235.6,2207.25,,07/21/20
0,2170.75,2171.2,2170.75,,07/20/20
0,2172.85,2188.2,2172.85,,07/17/20
0,2188,2188.15,2187.8,,07/16/20
0,2198.5,2198.65,2198.3,,07/15/20
0,2187.65,2187.75,2187.3,,07/14/20
0,2215.65,2215.75,2183.75,,07/13/20
0,2145.5,2145.7,2145.3,,07/10/20
0,2132.65,2132.65,2132.3,,07/09/20
0,2094.5,2094.65,2094.3,,07/08/20
0,2023.35,2023.75,2023.3,,07/07/20
0,2037.5,2037.7,2037.3,,07/06/20
0,2020.15,2020.2,2019.8,,07/03/20
0,2035.5,2035.7,2035.3,,07/02/20
0,2007.5,2007.65,2007.3,,07/01/20
0,2036.9,2056.7,2036.9,,06/30/20
0,2022.65,2022.7,2022.3,,06/29/20
0,2057,2057.2,2056.8,,06/26/20
0,2028.85,2029.2,2028.8,,06/25/20
0,2014.65,2014.7,2014.3,,06/24/20
0,2051.85,2052.2,2051.8,,06/23/20
0,2070.15,2070.2,2069.8,,06/22/20
0,2073,2073.2,2072.8,,06/19/20
0,2037,2037.2,2036.8,,06/18/20
0,2014,2014.2,2013.8,,06/17/20
0,2007,2007.2,2006.8,,06/16/20
0,1955.65,1955.7,1955.3,,06/15/20
0,1991.15,1991.2,1990.8,,06/12/20
0,2003.5,2003.7,2003.3,,06/11/20
0,2001.15,2001.2,2000.8,,06/10/20
0,2002.15,2002.2,2001.8,,06/09/20
0,2038.5,2038.5,2038.5,,06/08/20
0,2038.5,2038.7,2038.3,,06/05/20
0,1998.35,1998.7,1998.3,,06/04/20
0,2008.35,2008.7,2008.3,,06/03/20
0,2025.75,2025.75,2025.3,,06/02/20
0,1987.5,1987.7,1987.3,,06/01/20
0,1971.5,1971.7,1971.25,,05/29/20
0,1918.7,1918.7,1918.3,,05/28/20
0,1937.85,1938.2,1937.8,,05/27/20
0,1974.85,1975.2,1974.8,,05/26/20
0,1963.15,1963.25,1962.8,,05/22/20
0,1996.5,1996.7,1996.3,,05/21/20
0,2021,2021.75,2020.8,,05/20/20
0,2016.85,2017.2,2016.8,,05/19/20
0,1997.15,2000,1996.8,,05/18/20
0,1950.2,1950.2,1948.8,,05/15/20
0,1932.2,1939.2,1932.2,,05/14/20
0,1977.85,1978.2,1977.8,,05/13/20
0,2018,2018.2,2017.8,,05/12/20
0,1999.2,1999.2,1998.8,,05/11/20
0,2000.2,2000.25,1999.8,,05/07/20
0,1945.35,1945.75,1945.3,,05/06/20
0,1897.5,1897.7,1897.3,,05/05/20
0,1898.8,1899.25,1898.8,,05/01/20
0,1929.5,1930.8,1928.57,,04/30/20
0,1929.85,1930.25,1929.8,,04/29/20
0,1924.45,1924.45,1891.5,,04/28/20
0,1891.5,1891.65,1891.3,,04/27/20
0,1863.85,1864.2,1863.8,,04/24/20
0,1855,1855.2,1854.8,,04/23/20
0,1897.85,1898.2,1897.8,,04/22/20
0,1876,1876.25,1875.8,,04/21/20
0,1940.5,1940.7,1940.3,,04/20/20
0,1923.5,1933.7,1923.5,,04/17/20
0,1923.7,1923.7,1923.3,,04/16/20
0,1908.35,1908.7,1908.3,,04/15/20
0,1906,1906.2,1905.8,,04/14/20
0,1884,1884.25,1883.75,,04/09/20
0,1890,1890.2,1889.8,,04/08/20
0,1932.15,1932.2,1931.8,,04/07/20
0,1854.5,1854.7,1854.3,,04/06/20
0,1862,1862.2,1861.75,,04/03/20
0,1845,1845.15,1844.8,,04/02/20
0,1843.15,1843.2,1842.8,,04/01/20
0,1867.5,1867.7,1867.25,,03/31/20
0,1837,1837.2,1836.75,,03/30/20
0,1848,1848.7,1848,,03/27/20
0,1831.5,1831.7,1831.25,,03/26/20
0,1773,1774,1773,,03/25/20
0,1821.85,1822.5,1821.5,,03/24/20
0,1814,1814.5,1813.5,,03/23/20
0,1879.65,1880,1879.35,,03/20/20
0,1840.5,1841,1840,,03/19/20
0,1819.35,1820,1819.25,,03/18/20
0,1898.85,1899.15,1898.8,,03/17/20
0,1931.65,1932,1931,,03/16/20
0,1986.25,1986.5,1927,,03/13/20
0,1926.65,1927,1926,,03/12/20
0,1978.25,1978.5,1977.5,,03/11/20
0,2000,2000,1962.14,,03/10/20
0,1925.1,1925.5,1925.05,,03/09/20
0,1977.95,1978,1977.75,,03/06/20
0,2001.5,2002,2001.3,,03/05/20
0,1963.85,1965.15,1963,,03/04/20
0,1985.6,1989,1985.5,,03/03/20
0,2008.75,2009,2008.5,,03/02/20
0,2018,2018.5,2018,,02/28/20
0,1998.35,1999,1998.25,,02/27/20
0,2028.35,2028.35,2013.3,,02/26/20
0,2010.1,2038,2010.1,,02/25/20
0,2038.5,2039,2038.25,,02/24/20
0,2086.25,2086.5,2086,,02/21/20
0,2126.5,2126.5,2126.5,,02/20/20
0,2109,2126.5,2109,,02/19/20
0,2150,2150,2150,,02/18/20
0,2156.6,2156.6,2152,,02/17/20
0,2134.6,2138,2134.6,,02/14/20
0,2155.75,2156.25,2155,,02/13/20
0,2140,2140,2139.55,,02/12/20
0,2144.35,2145,2144,,02/11/20
0,2127,2127.25,2126.75,,02/10/20
0,2152.25,2152.5,2152,,02/07/20
0,2204.75,2206,2204.75,,02/06/20
0,2222.25,2224,2222,,02/05/20
0,2217.5,2217.5,2217.1,,02/04/20
0,2200,2200,2197.85,,02/03/20
0,2218.75,2219.5,2218.6,,01/31/20
0,2235.15,2235.35,2235,,01/30/20
0,2255.85,2257.15,2255.35,,01/29/20
0,2269,2270.15,2268.75,,01/28/20
0,2292.5,2293,2291,,01/27/20
0,2354.4,2355,2354,,01/24/20
0,2385.35,2385.85,2383,,01/23/20
0,2455,2455,2455,,01/22/20
0,2455,2455,2452.25,,01/21/20
0,2460.9,2461,2460,,01/20/20
0,2433.5,2445,2433.35,,01/17/20
0,2437.6,2438,2437,,01/16/20
0,2388.75,2389.15,2388,,01/15/20
0,2363.15,2364.15,2361.85,,01/14/20
0,2389.9,2389.9,2365,,01/13/20
0,2382,2382,2381.25,,01/10/20
0,2417.85,2419,2417.75,,01/09/20
0,2405.5,2406,2404,,01/08/20
0,2345.75,2346,2345.5,,01/07/20
0,2334,2334.15,2330,,01/06/20
0,2283,2283.15,2282.85,,01/03/20
0,2297.85,2298.25,2297,,01/02/20
0,2292.5,2295,2292.3,,12/31/19
0,2314.5,2316,2314.3,,12/30/19
0,2295.85,2300,2295,,12/27/19
0,2276.75,2277,2276.75,,12/24/19
0,2307.5,2308,2307.35,,12/23/19
0,2340.5,2340.85,2340,,12/20/19
0,2323.5,2324,2323.35,,12/19/19
0,2307,2307,2306,,12/18/19
0,2286.5,2297.5,2286.5,,12/17/19
0,2268.5,2269,2268.35,,12/16/19
0,2278.5,2278.85,2277,,12/13/19
0,2228.65,2230,2228,,12/12/19
0,2221.75,2222,2221,,12/11/19
0,2221.75,2222,2221,,12/10/19
0,2232.5,2235,2232,,12/09/19
0,2247.65,2247.75,2247.35,,12/06/19
0,2252.5,2252.75,2252.35,,12/05/19
0,2256.15,2256.35,2255,,12/04/19
0,2221.5,2225,2220.85,,12/03/19
0,2285.5,2285.5,2285,,12/02/19
0,2299.5,2312.5,2299.5,,11/29/19
0,2312.4,2312.4,2312,,11/28/19
0,2334.85,2335,2334.5,,11/27/19
0,2300.5,2301,2300,,11/26/19
0,2334.65,2334.85,2334,,11/25/19
0,2314,2315,2313.75,,11/22/19
0,2327.5,2327.85,2327,,11/21/19
0,2360,2360.35,2359.75,,11/20/19
0,2361.35,2362,2361.25,,11/19/19
0,2362.85,2384,2362.85,,11/18/19
0,2426.65,2427,2426.35,,11/15/19
0,2458,2458,2457.25,,11/14/19
0,2481,2481.15,2480.75,,11/13/19
0,2541.85,2542.35,2541.85,,11/12/19
0,2537.65,2537.85,2536,,11/11/19
0,2506.65,2506.85,2505,,11/08/19
0,2541.65,2542,2541.35,,11/07/19
0,2527.85,2528,2527.35,,11/06/19
0,2593.85,2595,2593.75,,11/05/19
0,2585.9,2586,2585,,11/04/19
0,2540.5,2541,2540,,11/01/19
0,2525.15,2543,2525.15,,10/31/19
0,2563.35,2563.5,2562.85,,10/30/19
0,2585.5,2587,2585.5,,10/29/19
0,2576.25,2576.85,2544.8,,10/28/19
0,2543.5,2544,2543.35,,10/25/19
0,2518.35,2518.5,2518,,10/24/19
0,2509,2509.15,2508.75,,10/23/19
0,2502,2503,2501.75,,10/22/19
0,2499.5,2504,2499.35,,10/21/19
0,2488,2488.2,2487.75,,10/18/19
0,2441,2441,2441,,10/17/19
0,2465.35,2465.35,2440,,10/16/19
0,2436,2436,2435.35,,10/15/19
0,2431.15,2433,2430.75,,10/14/19
0,2440.25,2440.5,2440.25,,10/11/19
0,2399,2399.15,2398.75,,10/10/19
0,2321,2321.25,2320,,10/09/19
0,2294.25,2294.5,2294.1,,10/08/19
0,2326.5,2327,2326,,10/07/19
0,2336.5,2350,2344,,10/04/19
0,2335.5,2324,2323.35,,10/03/19
0,2353.5,2315.5,2310,,10/02/19
0,2334.5,2380,2379.35,,10/01/19
0,2428.5,2380,2376.35,,09/30/19
0,2349.5,2340,2334,,09/27/19
0,2340.5,2338,2337.35,,09/26/19
0,2309,2288.35,2287.85,,09/25/19
0,2296.75,2314,2285.75,,09/24/19
0,2342,2301.15,2300,,09/23/19
0,2312,2310,2309.35,,09/20/19
0,2315,2299,2298,,09/19/19
0,2322.25,2321.5,2320,,09/18/19
0,2352.5,2344.5,2343.5,,09/17/19
0,2369,2390,2388.5,,09/16/19
0,2383.5,2382,2381.35,,09/13/19
0,2343,2356.25,2355.85,,09/12/19
0,2359.5,2364.5,2364,,09/11/19
0,2341.5,2341.35,2297,,09/10/19
0,2313.5,2313.35,2311,,09/09/19
0,2333.25,2315,2310,,09/06/19
0,2354,2351,2350,,09/05/19
0,2324,2268.85,2266.85,,09/04/19
0,2215,2210.85,2202.25,,09/03/19
0,2258.5,2239,2234.85,,09/02/19
0,2212,2250.15,2245,,08/30/19
0,2275,2285,2284.3,,08/29/19
0,2258.5,2261,2260,,08/28/19
0,2277.75,2277.9,2269,,08/27/19
0,2253,2261,2260,,08/23/19
0,2245,2246.85,2246.35,,08/22/19
0,2290.5,2256.85,2243.5,,08/21/19
0,2238,2238,2238,,08/20/19
0,2250.5,2240,2237.5,,08/19/19
0,2249.25,2264.5,2264,,08/16/19
0,2254.75,2262,2260.85,,08/15/19
0,2249.5,2269,2268.6,,08/14/19
0,2313.25,2265,2262.35,,08/13/19
0,2269.25,2238.85,2238,,08/12/19
0,2225,2262.5,2262,,08/09/19
0,2297,2272,2271.5,,08/08/19
0,2251,2258,2256.85,,08/07/19
0,2302.5,2328,2327.5,,08/06/19
0,2305,2320.25,2304.85,,08/05/19
0,2341,2352,2351,,08/02/19
0,2397,2396.85,2395,,08/01/19
0,2441.5,2441.35,2425,,07/31/19
0,2468,2473.15,2472.75,,07/30/19
0,2486.5,2472,2464,,07/29/19
0,2448,2423,2421.75,,07/26/19
0,2437,2436,2435.5,,07/25/19
0,2455.5,2456,2455,,07/24/19
0,2431,2430.85,2406,,07/23/19
0,2404,2403.85,2397.85,,07/22/19
0,2413.5,2430.15,2413.35,,07/19/19
0,2456,2498.25,2476.5,,07/18/19
0,2475,2470,2460.5,,07/17/19
0,2486,2465,2462.25,,07/16/19
0,2456,2461,2457.85,,07/15/19
0,2448.25,2426.35,2426,,07/12/19
0,2437,2404,2402,,07/11/19
0,2405,2382,2379,,07/10/19
0,2392,2392,2392,,07/09/19
0,2369.5,2392,2391.25,,07/08/19
0,2404,2404,2398,,07/05/19
0,2434.5,2458.5,2439.5,,07/04/19
0,2493,2506.25,2505.75,,07/03/19
0,2537,2491,2490.25,,07/02/19
0,2529,2549,2545.5,,07/01/19
0,2565,2581,2565.25,,06/28/19
0,2553,2571,2517.5,,06/27/19
0,2595,2650,2622,,06/26/19
0,2659.5,2659.75,2643.35,,06/25/19
0,2613,2578.85,2577.75,,06/24/19
0,2546.5,2542.5,2527.75,,06/21/19
0,2569.5,2586,2585.3,,06/20/19
0,2594.5,2609,2607.05,,06/19/19
0,2549,2549,2549,,06/18/19
0,2588,2588.2,2548.5,,06/17/19
0,2562.5,2572.75,2572.25,,06/14/19
0,2584,2605,2603.5,,06/13/19
0,2627.5,2658.25,2640.25,,06/12/19
0,2654.5,2677.25,2668.75,,06/11/19
0,2627,2620.5,2613.5,,06/10/19
0,2613,2625,2613.15,,06/07/19
0,2641.5,2636.25,2635.75,,06/06/19
0,2579,2605.35,2579.2,,06/05/19
0,2609.5,2636,2618.25,,06/04/19
0,2612,2615.65,2614.5,,06/03/19
0,2668,2682.75,2682.25,,05/31/19
0,2710,2704.85,2704.25,,05/30/19
0,2690,2680,2678.85,,05/29/19
0,2723,2739,2737.5,,05/28/19
0,2721,2705,2668,,05/24/19
0,2675,2669,2667.35,,05/23/19
0,2682,2712.85,2712,,05/22/19
0,2724.5,2725,2722.25,,05/21/19
0,2723.25,2703.75,2703.25,,05/20/19
0,2750.5,2755,2750.35,,05/17/19
0,2788,2780.85,2780,,05/16/19
0,2755.5,2727.75,2727.25,,05/15/19
0,2714.25,2712.75,2712.25,,05/14/19
0,2708,2719.5,2704.5,,05/13/19
0,2751.5,2751,2750,,05/10/19
0,2709,2725,2724.5,,05/09/19
0,2751.5,2763.85,2763,,05/08/19
0,2805,2835,2834.5,,05/07/19
0,2871,2866.25,2865.75,,05/03/19
0,2816,2832,2831.35,,05/02/19
0,2862,2939,2905.5,,05/01/19
0,2960,2934.5,2934,,04/30/19
0,2920.5,2886.75,2886.25,,04/29/19
0,2887.5,2916.5,2887.5,,04/26/19
0,2865,2870,2869.75,,04/25/19
0,2848.5,2858.25,2857.75,,04/24/19
0,2842,2882,2880,,04/23/19
0,2867,2853.25,2850,,04/18/19
0,2917,2927,2924.85,,04/17/19
0,2899,2919.5,2918,,04/16/19
0,2985.5,2998.75,2998.25,,04/15/19
0,3031,3010,2960.25,,04/12/19
0,2941,2980,2977.5,,04/11/19
0,2947.5,2944.85,2944.35,,04/10/19
0,2921,2935.85,2935,,04/09/19
0,2956,2960,2956.75,,04/08/19
0,2981,2972,2968.35,,04/05/19
0,2968,2993,2968.5,,04/04/19
0,3000,2974.85,2973.85,,04/03/19
0,2920,2938,2937.5,,04/02/19
0,2995.5,3017.25,3016,,04/01/19
0,2999.75,3000,2954.5,,03/29/19
0,2928.5,2949,2944,,03/28/19
0,2943,2929,2928.5,,03/27/19
0,2920,2905.5,2905,,03/26/19
0,2868.5,2839,2838.5,,03/25/19
0,2846,2865,2864.5,,03/22/19
0,2869.5,2901.5,2901,,03/21/19
0,2896.5,2875.85,2875,,03/20/19
0,2850,2841,2840.5,,03/19/19
0,2817,2840,2817,,03/18/19
0,2830.5,2838.85,2835,,03/15/19
0,2880,2877.85,2875.5,,03/14/19
0,2888,2878,2877,,03/13/19
0,2890,2857,2850,,03/12/19
0,2778.5,2778.5,2773.5,,03/11/19
0,2723.5,2705.75,2704.85,,03/08/19
0,2738.5,2786,2764.85,,03/07/19
0,2802.5,2801.35,2800,,03/06/19
0,2801.25,2786.85,2784,,03/05/19
0,2769.5,2787.85,2787.5,,03/04/19
0,2821.5,2839.5,2839,,03/01/19
0,2813.5,2795,2792.85,,02/28/19
0,2775.5,2771.85,2770,,02/27/19
0,2765,2741,2739,,02/26/19
0,2737.25,2741.25,2740.75,,02/25/19
0,2742.5,2718,2717.5,,02/22/19
0,2703.5,2698,2697.5,,02/21/19
0,2724.5,2711.5,2710,,02/20/19
0,2680.5,2667,2666.5,,02/19/19
0,2655.5,2631.25,2630.75,,02/18/19
0,2651,2640.85,2640,,02/15/19
0,2588.5,2635,2634.6,,02/14/19
0,2593,2603.5,2591.5,,02/13/19
0,2601.75,2640,2639.35,,02/12/19
0,2643.25,2647.25,2646.75,,02/11/19
0,2702,2688.7,2688,,02/08/19
0,2722.75,2718.25,2717.75,,02/07/19
0,2705,2719.2,2718,,02/06/19
0,2741.75,2770,2741.6,,02/05/19
0,2808,2785,2784.5,,02/04/19
0,2789,2788.85,2732.25,,02/01/19
0,2730,2719.5,2718,,01/31/19
0,2692.25,2672.85,2672,,01/30/19
0,2661.5,2681,2679.5,,01/29/19
0,2689.5,2699.35,2698.85,,01/28/19
0,2682.5,2635.5,2635,,01/25/19
0,2648.5,2607,2605,,01/24/19
0,2628,2608,2607,,01/23/19
0,2588.5,2602,2600.75,,01/22/19
0,2596.5,2570,2568,,01/21/19
0,2590.5,2580,2576.35,,01/18/19
0,2554.25,2501.9,2501.5,,01/17/19
0,2498.5,2498.35,2488,,01/16/19
0,2457,2477.2,2467.5,,01/15/19
0,2489,2467.5,2456,,01/14/19
0,2498,2470,2469.5,,01/11/19
0,2475.5,2477,2475.5,,01/10/19
0,2513.5,2531.25,2530,,01/09/19
0,2531,2541,2540,,01/08/19
0,2575,2532.65,2532.25,,01/07/19
0,2510,2502.65,2500,,01/04/19
0,2454,2480,2479.5,,01/03/19
0,2470,2480,2460.75,,01/02/19
0,2518.5,2510.5,2509.75,,12/31/18
0,2493,2542.5,2541.85,,12/28/18
0,2557,2553,2552,,12/27/18
0,2530,2535.85,2530,,12/24/18
0,2553.5,2585,2583.85,,12/21/18
0,2590,2599.25,2598.85,,12/20/18
0,2604.5,2596,2595.75,,12/19/18
0,2579,2600,2595,,12/18/18
0,2589.5,2589.5,2579.5,,12/17/18
0,2569,2557.75,2557.35,,12/14/18
0,2633,2685,2680,,12/13/18
0,2645.5,2664,2658.75,,12/12/18
0,2667,2675,2674,,12/11/18
0,2645.5,2677.25,2676.85,,12/10/18
0,2681,2709,2706,,12/07/18
0,2707,2692,2684.85,,12/06/18
0,2743,2705.5,2705,,12/05/18
0,2711,2740,2739.15,,12/04/18
0,2692.5,2675,2674.5,,12/03/18
0,2655,2628.5,2627.85,,11/30/18
0,2568,2553,2545,,11/29/18
0,2545,2515,2514.35,,11/28/18
0,2514,2506,2499.5,,11/27/18
0,2550,2568.75,2530.5,,11/26/18
0,2613.5,2630.5,2630,,11/23/18
0,2672,2657.15,2656.85,,11/22/18
0,2662.5,2670,2669,,11/21/18
0,2645,2697.15,2696.85,,11/20/18
0,2697,2691,2640,,11/19/18
0,2684.75,2642,2640,,11/16/18
0,2649,2655,2650,,11/15/18
0,2566.75,2543,2541.5,,11/14/18
0,2545.5,2587,2586.35,,11/13/18
0,2563,2546.65,2546.35,,11/12/18
0,2586,2556,2555.5,,11/09/18
0,2587.5,2521.5,2521,,11/08/18
0,2502.5,2521.85,2519.85,,11/07/18
0,2541.5,2572,2571.5,,11/06/18
0,2560.5,2550,2548.75,,11/05/18
0,2600.5,2653.5,2651.35,,11/02/18
0,2595.75,2585,2584,,11/01/18
0,2551.75,2614.25,2579.85,,10/31/18
0,2602.5,2649,2644.85,,10/30/18
0,2680.5,2695,2694.3,,10/29/18
0,2704,2686,2684.85,,10/26/18
0,2689.5,2705,2703.75,,10/25/18
0,2710,2740,2737,,10/24/18
0,2721.5,2702,2697.35,,10/23/18
0,2719,2723.25,2711.25,,10/22/18
0,2676.5,2696,2695.75,,10/19/18
0,2731.5,2731.35,2685,,10/18/18
0,2710.5,2655.15,2652,,10/17/18
0,2638.5,2637,2627.35,,10/16/18
0,2626.5,2665,2661,,10/15/18
0,2675.75,2677,2676.5,,10/12/18
0,2633.5,2637.85,2637,,10/11/18
0,2636,2697.5,2697,,10/10/18
0,2719.5,2713,2691,,10/09/18
0,2645,2645,2645,,10/08/18
0,2667.5,2645,2644.35,,10/05/18
0,2682.5,2709,2690,,10/04/18
0,2678,2632.85,2632,,10/03/18
0,2685,2693,2692.5,,10/02/18
0,2699.5,2618.5,2615.85,,10/01/18
0,2658.5,2658.65,2572.75,,09/28/18
0,2527,2552,2551.5,,09/27/18
0,2553.75,2548,2537,,09/26/18
0,2514,2526.5,2526,,09/25/18
0,2562,2531.15,2530,,09/24/18
0,2498.75,2469.5,2440.35,,09/21/18
0,2445,2435.75,2430,,09/20/18
0,2416.5,2399,2398.5,,09/19/18
0,2326,2347,2346,,09/18/18
0,2299.5,2287,2285,,09/17/18
0,2316.25,2327.5,2327,,09/14/18
0,2344.75,2369,2368,,09/13/18
0,2359.25,2354.85,2353.85,,09/12/18
0,2301.25,2338.5,2338,,09/11/18
0,2378.5,2406,2404.75,,09/10/18
0,2423,2411.75,2410,,09/07/18
0,2447.5,2470.35,2470,,09/06/18
0,2428,2436.4,2436,,09/05/18
0,2424.5,2435.5,2435,,09/04/18
0,2469.5,2475,2474.5,,09/03/18
0,2461.75,2504,2502,,08/31/18
0,2474.5,2485,2483.75,,08/30/18
0,2514.25,2506,2505,,08/29/18
0,2541,2508,2507,,08/24/18
0,2475,2441.15,2440,,08/23/18
0,2470.25,2439,2438,,08/22/18
0,2426,2433.9,2433,,08/21/18
0,2381.5,2381.9,2380,,08/20/18
0,2390.5,2359.85,2355,,08/17/18
0,2384,2338,2337,,08/16/18
0,2283.5,2328,2324.5,,08/15/18
0,2438,2458,2457.6,,08/14/18
0,2469.5,2493,2491.55,,08/13/18
0,2550,2553,2552,,08/10/18
0,2632,2685.15,2683.85,,08/09/18
0,2654,2655.85,2655,,08/08/18
0,2643,2650,2647.35,,08/07/18
0,2620.25,2590.15,2585,,08/06/18
0,2675,2651,2650.35,,08/03/18
0,2622,2628,2616,,08/02/18
0,2614,2627.85,2625.85,,08/01/18
0,2676,2635,2629.6,,07/31/18
0,2617.25,2590,2589.5,,07/30/18
0,2655.5,0,0,,07/27/18
0,2628,2627.5,2610,,07/26/18
0,2630.5,2655,2653.85,,07/25/18
0,2652.5,2629.75,2628.75,,07/24/18
0,2580,2623.75,2618,,07/23/18
0,2618,2635,2634.35,,07/20/18
0,2591.5,2591.65,2562,,07/19/18
0,2631,2583,2580,,07/18/18
0,2534,2548,2547.6,,07/17/18
0,2502,2527,2526.25,,07/16/18
0,2596,2606.75,2605,,07/13/18
0,2589.5,2597.85,2597.25,,07/12/18
0,2586,2574,2573.25,,07/11/18
0,2655,2658,2654,,07/10/18
0,2716,2720,2719.1,,07/09/18
0,2763,2759,2758,,07/06/18
0,2738,2757.85,2757,,07/05/18
0,2752.75,2796.15,2795,,07/04/18
0,2844.25,2882.85,2880,,07/03/18
0,2878,2915,2914.5,,07/02/18
0,2906.5,2948,2947,,06/29/18
0,2939,2937.85,2937,,06/28/18
0,2923,2921,2920.5,,06/27/18
0,2887.25,2894.85,2843.35,,06/26/18
0,2913.5,2953.15,2949,,06/25/18
0,2976.5,2993,2991.75,,06/22/18
0,2970.5,3021.4,3019.85,,06/21/18
0,3037,3055.85,3037.15,,06/20/18
0,3034,3045.15,3043.25,,06/19/18
0,3107,3130.25,3106.85,,06/18/18
0,3119.75,3188.85,3117,,06/15/18
0,3220.5,3220,3218.75,,06/14/18
0,3255.5,3253.25,3227,,06/13/18
0,3230.25,3228.85,3228,,06/12/18
0,3232,3220.85,3219.75,,06/11/18
0,3225.5,3185,3182,,06/08/18
0,3205,3214.9,3196.75,,06/07/18
0,3212.5,3225.75,3204,,06/06/18
0,3219,3175,3172,,06/05/18
0,3144,3097.75,3088.5,,06/04/18
0,3101.75,3089,3088,,06/01/18
0,3097.5,3101,3099.25,,05/31/18
0,3124.5,3110.15,3106.25,,05/30/18
0,3049,3053,3037.65,,05/25/18
0,3035.5,3022,3021,,05/24/18
0,3024.5,3006,3005.6,,05/23/18
0,3049.5,3038.5,3038,,05/22/18
0,3099,3098.85,3097.6,,05/21/18
0,3096.5,3080.5,3080.1,,05/18/18
0,3092.75,3055.25,3052.5,,05/17/18
0,3064.5,3054.75,3053.85,,05/16/18
0,3045.25,3060.5,3060.1,,05/15/18
0,3035.75,3035.6,3020.25,,05/14/18
0,3063.75,3079.75,3078,,05/11/18
0,3073,3071.85,3071,,05/10/18
0,3061.5,3068.15,3065.35,,05/09/18
0,3046,2967.85,2967,,05/04/18
0,2988.25,3030,3027.5,,05/03/18
0,3031.75,3065.5,3065,,05/02/18
0,3043,3110.5,3100,,05/01/18
0,3125.5,3171,3125.25,,04/30/18
0,3127,3120.35,3119.75,,04/27/18
0,3136.5,3097.85,3097,,04/26/18
0,3128.5,3162,3160.75,,04/25/18
0,3194.5,3242,3240,,04/24/18
0,3214.5,3214.85,3213,,04/23/18
0,3224.5,3243.5,3243,,04/20/18
0,3209,3232,3220,,04/19/18
0,3248.5,3248.35,3185,,04/18/18
0,3138.25,3115,3114.35,,04/17/18
0,3124.75,3116,3115.5,,04/16/18
0,3106,3121,3120,,04/13/18
0,3086.5,3115,3112.85,,04/12/18
0,3229.5,3240,3236,,04/11/18
0,3234.5,3239.25,3237,,04/10/18
0,3206,3230.25,3216,,04/09/18
0,3233.5,3221.85,3221,,04/06/18
0,3240,3252,3233.25,,04/05/18
0,3263,3249,3248.5,,04/04/18
0,3271.55,0,0,,04/03/18
0,3284,3332,3331.25,,03/29/18
0,3301,3291.5,3291,,03/28/18
0,3288.25,3326.5,3324.85,,03/27/18
0,3266.25,3255,3254,,03/26/18
0,3214.5,3214.85,3214,,03/23/18
0,3200.5,3223,3222.25,,03/22/18
0,3248.25,3223.25,3222.75,,03/21/18
0,3202.5,3243,3203,,03/20/18
0,3264.5,3261.85,3241,,03/19/18
0,3263.5,3285,3282,,03/16/18
0,3233.25,3233,3232.35,,03/15/18
0,3222.5,3279.5,3279,,03/14/18
0,3291.5,3278.85,3278.35,,03/13/18
0,3276.25,3216,3215,,03/09/18
0,3226.5,3242,3241.25,,03/08/18
0,3256.5,3287.5,3286.5,,03/07/18
0,3305,3335,3331.85,,03/06/18
0,3298.75,3302,3301,,03/05/18
0,3358,3400,3396.1,,03/02/18
0,3414.5,3408,3404.5,,03/01/18
0,3477,3499,3496.85,,02/28/18
0,3517.5,3547,3545.75,,02/27/18
0,3572.75,3590,3587.25,,02/26/18
0,3552.75,3569,3568.5,,02/23/18
0,3572,3566,3523.5,,02/22/18
0,3568,3563.5,3563,,02/21/18
0,3568.75,3588,3587,,02/20/18
0,3577.25,3590,3589.5,,02/19/18
0,3598.5,3619,3617.5,,02/16/18
0,3594.5,3594.85,3593,,02/15/18
0,3591,3521,3517.35,,02/14/18
0,3492.5,3470,3469.75,,02/13/18
0,3408.5,3433,3432.35,,02/12/18
0,3412,3435.5,3435,,02/09/18
0,3466.25,3459.85,3459.5,,02/08/18
0,3429,3540,3484.25,,02/07/18
0,3507.75,3530.35,3529,,02/06/18
0,3595.75,3563.85,3563,,02/05/18
0,3550.25,3577,3576.5,,02/02/18
0,3606,3587.85,3585,,02/01/18
0,3595.5,3590,3585.85,,01/31/18
0,3546.25,3584.5,3584.1,,01/30/18
0,3600.5,3609.5,3609,,01/29/18
0,3519.5,3525.85,3525,,01/26/18
0,3502.5,3482,3481.35,,01/25/18
0,3464.5,3429,3425,,01/24/18
0,3432.75,3443,3442.75,,01/23/18
0,3439.5,3441,3440.75,,01/22/18
0,3440,3463,3462.75,,01/19/18
0,3400,3409.15,3408.85,,01/18/18
0,3408,3445,3444.5,,01/17/18
0,3449.75,3428.85,3428,,01/16/18
0,3470,3474,3472,,01/15/18
0,3412,3420,3419.75,,01/11/18
0,3358.25,3381,3380,,01/10/18
0,3350.5,3401,3400,,01/09/18
0,3405,3393,3391,,01/08/18
0,3380,3395.75,3394.85,,01/05/18
0,3384.5,3377,3376.75,,01/04/18
0,3346.5,3350.5,3350.25,,01/03/18
0,3372.5,3376.25,3375.75,,01/02/18
0,3337.5,3333.85,3295.75,,12/29/17
0,3318,3317.85,3287,,12/28/17
0,3275,3274.85,3236,,12/27/17
0,3265.25,3234.15,3233.75,,12/22/17
0,3235,3223,3222.35,,12/21/17
0,3207.75,3217.5,3217,,12/20/17
0,3192.25,3169.5,3169,,12/19/17
0,3190,3195.4,3195,,12/18/17
0,3204.5,3183,3182.5,,12/15/17
0,3187,3168.5,3168,,12/14/17
0,3152.5,3161.5,3161,,12/13/17
0,3154,3167,3166.5,,12/12/17
0,3129.5,3106.5,3106,,12/11/17
0,3090,3093.25,3092.85,,12/08/17
0,3100.75,3110.85,3109.85,,12/07/17
0,3130,3170,3167,,12/05/17
0,3188,3238,3212.5,,12/04/17
0,3266.5,3217.5,3217,,12/01/17
0,3177.25,3196.25,3195,,11/30/17
0,3179.25,3147,3145.75,,11/29/17
0,3178,3178,3177.35,,11/28/17
0,3212.5,3224,3223.5,,11/27/17
0,3262.75,3271.5,3270.5,,11/24/17
0,3268.5,3263,3262.75,,11/23/17
0,3221,3205.5,3204.85,,11/21/17
0,3196,3198.75,3198.25,,11/20/17
0,3215.5,3199.5,3199.25,,11/17/17
0,3184,3206,3205,,11/16/17
0,3193,3190.5,3180,,11/15/17
0,3184,3224,3222,,11/14/17
0,3242,3249.8,3240,,11/13/17
0,3267.25,3289.5,3286.85,,11/10/17
0,3228.5,3231.85,3228.65,,11/09/17
0,3236.5,3235.5,3230,,11/08/17
0,3202,3260,3258.35,,11/07/17
0,3251,3265.5,3265,,11/03/17
0,3368,3368,3368,,11/01/17
0,3230,3201,3200,,10/27/17
0,3274,3300.85,3299.75,,10/26/17
0,3269,3251.5,3251.25,,10/25/17
0,3245.5,3265,3260,,10/24/17
0,3186,3186.15,3175,,10/23/17
0,3152,3208,3205.25,,10/20/17
0,3170,3170,3167,,10/19/17
0,3179,3185,3130.6,,10/18/17
0,3109.75,3130,3129.75,,10/17/17
0,3228,3321,3303.5,,10/16/17
0,3294,3325,3323.85,,10/13/17
0,3341,3333,3332,,10/12/17
0,3295,3309,3305.5,,10/11/17
0,3352,3326.5,3312,,10/10/17
0,3301,3335,3334.25,,10/09/17
0,3297.5,3340,3335.5,,10/06/17
0,3353.5,3350,3349.35,,10/05/17
0,3364.5,3370,3341.85,,10/04/17
0,3313.5,3324.5,3214.85,,10/03/17
0,3273,3235.5,3235,,10/02/17
0,3205.25,3217,3205.25,,09/29/17
0,3188,3155.85,3155.25,,09/28/17
0,3149.5,3159.75,3149.35,,09/27/17
0,3168,3162.75,3162.25,,09/26/17
0,3162.5,3167.85,3166,,09/25/17
0,3077,3113.35,3112.5,,09/22/17
0,3117.25,3098.5,3097.6,,09/21/17
0,3149.25,3170,3142,,09/20/17
0,3125.25,3123.5,3122,,09/19/17
0,3127.5,3109.5,3107,,09/18/17
0,3042.5,3042,3041.6,,09/15/17
0,3009.25,2993.85,2989.85,,09/14/17
0,3022.25,3056.5,3048.85,,09/13/17
0,3109,3109,3109,,09/12/17
0,3080.75,3109,3108.5,,09/11/17
0,3028.5,3081,3080.35,,09/08/17
0,3125.5,3095.5,3095,,09/07/17
0,3091.5,3193.25,3085,,09/06/17
0,3138,3194,3192.8,,09/05/17
0,3205.25,3189.85,3188.85,,09/04/17
0,3185,3184.85,3146.25,,09/01/17
0,3141.5,3139.5,3138,,08/31/17
0,3087.25,3118.75,3118,,08/30/17
0,3103,3107.5,3107,,08/29/17
0,3055.25,3117.35,3116.75,,08/25/17
0,3112.25,3096.5,3096,,08/24/17
0,3089.5,3114,3089.35,,08/23/17
0,3110,3140,3139.5,,08/22/17
0,3119,3142.85,3142,,08/21/17
0,3117,3117,3116.25,,08/18/17
0,3052.5,3083.85,3083,,08/17/17
0,3107.5,3010,3009,,08/16/17
0,2946,2938.4,2890,,08/15/17
0,2901.5,2891,2889,,08/14/17
0,2882.75,2888,2866,,08/11/17
0,2925.5,2935,2933.75,,08/10/17
0,2919.75,2947,2946.5,,08/09/17
0,2917.75,2872.75,2871.75,,08/08/17
0,2847.5,2816.5,2816,,08/07/17
0,2801.5,2798,2797.25,,08/04/17
0,2782.25,2803.85,2782.4,,08/03/17
0,2788.5,2754,2753.5,,08/02/17
0,2768.25,2769.4,2769,,08/01/17
0,2785,2804,2801.25,,07/31/17
0,2767,2765.9,2764,,07/28/17
0,2805,2805,2805,,07/27/17
0,2803.75,2804.85,2804,,07/26/17
0,2834.25,2825.15,2820.75,,07/25/17
0,2783.5,2775.15,2773.75,,07/24/17
0,2747.5,2757.2,2756.75,,07/21/17
0,2761,2761,2761,,07/20/17
0,2736.25,2760.25,2759.75,,07/19/17
0,2783.5,2819.5,2767.85,,07/18/17
0,2808.25,2820,2808.1,,07/17/17
0,2786.25,2769,2768.5,,07/14/17
0,2805,2826,2825.25,,07/13/17
0,2771.5,2771.5,2771.5,,07/12/17
0,2819.5,2771.45,2771,,07/11/17
0,2777.75,2775,2774.25,,07/10/17
0,2791,2778,2777.25,,07/07/17
0,2783.25,2785,2783,,07/06/17
0,2779.5,2767,2766.5,,07/05/17
0,2793.5,2767,2765.5,,07/04/17
0,2802,2801.85,2778.35,,07/03/17
0,2753.25,2754.5,2751.75,,06/30/17
0,2756,2752.5,2752,,06/29/17
0,2735,2733,2732,,06/28/17
0,2747.25,2726,2725,,06/27/17
0,2717,2723,2721,,06/26/17
0,2704,2725.15,2724.25,,06/23/17
0,2697.25,2697,2695.75,,06/22/17
0,2631.5,2579.35,2578,,06/21/17
0,2545,2560.95,2560.5,,06/20/17
0,2544.75,2545.75,2534,,06/19/17
0,2512.25,2516,2515.5,,06/16/17
0,2489.25,2494.85,2474.5,,06/15/17
0,2476,2471.85,2471,,06/14/17
0,2454.25,2435.85,2435.25,,06/13/17
0,2476,2496,2495.5,,06/12/17
0,2515,2485,2479,,06/09/17
0,2449.5,2462.5,2462,,06/08/17
0,2428.75,2434.5,2434,,06/07/17
0,2442,2480,2478.75,,06/06/17
0,2469,2474.5,2474,,06/05/17
0,2514.5,2507,2506.25,,06/02/17
0,2557.25,2545,2544,,06/01/17
0,2587,2571.25,2570.75,,05/31/17
0,2613,2624,2623,,05/30/17
0,2637,2637,2637,,05/26/17
0,2624.5,2607.5,2605,,05/25/17
0,2625,2627,2624.85,,05/24/17
0,2648,2650,2646,,05/23/17
0,2619.75,2631,2569,,05/22/17
0,2604,2603.85,2568,,05/19/17
0,2518.25,2461.25,2460,,05/18/17
0,2546.25,2561,2517,,05/17/17
0,2532,2569,2515,,05/16/17
0,2561.25,2568.5,2568,,05/15/17
0,2550,2585,2581,,05/12/17
0,2585,2614.85,2613,,05/11/17
0,2586,2606,2590.5,,05/10/17
0,2609,2632,2631,,05/09/17
0,2589.75,2580,2578.6,,05/08/17
0,2582.5,2577,2568,,05/05/17
0,2566.25,2569.85,2569,,05/04/17
0,2566.5,2599.25,2598.75,,05/03/17
0,2649.5,2639.5,2639,,05/02/17
0,2618.5,2638.85,2637,,04/28/17
0,2590.75,2613.85,2613.35,,04/27/17
0,2615.25,2615.45,2610,,04/26/17
0,2591.5,2589.75,2588.35,,04/25/17
0,2590,2600,2598.85,,04/24/17
0,2571.5,2582,2581.5,,04/21/17
0,2617.5,2605,2604.6,,04/20/17
0,2528,2546,2545.5,,04/19/17
0,2504,2582,2579,,04/18/17
0,2610.5,2610.3,2560,,04/13/17
0,2589,2564.85,2564,,04/12/17
0,2546.25,2579.85,2579.5,,04/11/17
0,2591.5,2658.5,2605.75,,04/10/17
0,2663,2665,2664.35,,04/07/17
0,2701.25,2778,2776.35,,04/06/17
0,2750.25,2770,2768.85,,04/05/17
0,2708.75,2703.15,2702,,04/04/17
0,2681,2745.75,2744.75,,04/03/17
0,2750.25,2785,2782,,03/31/17
0,2852.5,2852.35,2832.5,,03/30/17
0,2823.5,2823.5,2823.5,,03/29/17
0,2804.25,2804.1,2763,,03/28/17
0,2742,2758.85,2758.5,,03/27/17
0,2811.75,2805.15,2804,,03/24/17
0,2794.5,2818,2815.5,,03/23/17
0,2836,2835.85,2816.5,,03/22/17
0,2809,2857.5,2840.25,,03/21/17
0,2843.75,2860.5,2860,,03/20/17
0,2864,2863.85,2846.5,,03/17/17
0,2811,2836,2810.85,,03/16/17
0,2788.5,2753,2751.25,,03/15/17
0,2730.5,2697,2696.75,,03/14/17
0,2724.75,2745,2744.5,,03/13/17
0,2687.5,2697.45,2697,,03/10/17
0,2669.5,2655.5,2654,,03/09/17
0,2700,2701,2700.25,,03/08/17
0,2685.25,2701.75,2700.75,,03/07/17
0,2731.5,2729.5,2729,,03/06/17
0,2767,2795.85,2794.85,,03/03/17
0,2772.75,2845.5,2844,,03/02/17
0,2853.25,2873,2868,,03/01/17
0,2818,2818,2818,,02/28/17
0,2800.75,2813.5,2812,,02/27/17
0,2825,2822,2820,,02/24/17
0,2787,2841,2840,,02/23/17
0,2860.5,2865,2859.5,,02/22/17
0,2872.2,2872.2,2872.2,,02/21/17
0,2886.5,2860.45,2860,,02/20/17
0,2803.25,2825.5,2825.25,,02/17/17
0,2865.94,2865.94,2865.94,,02/16/17
0,2869,2890,2889.5,,02/15/17
0,2904.25,2935,2932.75,,02/14/17
0,2923.5,2971,2970,,02/13/17
0,2935,2906,2905.75,,02/10/17
0,2831.5,2863.85,2860,,02/09/17
0,2849.5,2825.5,2825,,02/08/17
0,2794.25,2774.5,2774.25,,02/07/17
0,2792.5,2792.75,2756.9,,02/06/17
0,2793.75,2783,2779.85,,02/03/17
0,2840.5,2851.5,2851,,02/02/17
0,2872.5,2848,2847.5,,02/01/17
0,2852.75,2848,2846.5,,01/31/17
0,2770.25,2768.5,2767,,01/30/17
0,2741.5,2761.85,2760,,01/27/17
0,2751.25,2814.5,2814,,01/26/17
0,2787.75,2787.6,2773,,01/25/17
0,2811.5,2796.85,2795,,01/24/17
0,2775.75,2782,2775.6,,01/23/17
0,2754.5,2754.35,2736,,01/20/17
0,2753,2758.75,2758,,01/19/17
0,2758.5,2724.15,2723.5,,01/18/17
0,2701.25,2701.1,2693,,01/17/17
0,2733.5,2770,2733.35,,01/16/17
0,2774.25,2720,2719.5,,01/13/17
0,2709.75,2724.85,2721.5,,01/12/17
0,2680.25,2690.5,2689.6,,01/11/17
0,2611,2611,2611,,01/10/17
0,2646.75,2611,2610.5,,01/09/17
0,2600.5,2579.5,2578.25,,01/06/17
0,2601,2609,2608.1,,01/05/17
0,2602.75,2530,2529,,01/04/17
0,2503.25,2553,2552,,01/03/17